2025-11-12T02:01:15.087000,AIAUSDT,BUY,1.9895165,417.0,829.6283804999999
2025-11-12T02:01:15.371000,AVAAIUSDT,BUY,0.0135079,78288.0,1057.5064752
2025-11-12T02:01:15.764000,TRUMPUSDT,SELL,7.848,17.83,139.92983999999998
2025-11-12T02:01:17.094000,AIAUSDT,BUY,1.9914,17.0,33.8538
2025-11-12T02:01:17.479000,PTBUSDT,SELL,0.032398,12793.0,414.467614
2025-11-12T02:01:18.439000,FILUSDT,BUY,2.258,15.9,35.9022
2025-11-12T02:01:18.492000,AIAUSDT,BUY,2.0317397,88.0,178.79309360000002
2025-11-12T02:01:19.501000,AIAUSDT,BUY,2.0291,53.0,107.54230000000001
2025-11-12T02:01:20.133000,LSKUSDT,BUY,0.330972,919.0,304.163268
2025-11-12T02:01:24.346000,PTBUSDT,SELL,0.0322506,24211.0,780.8192766
2025-11-12T02:01:25.164000,AIAUSDT,BUY,2.0318884,52.0,105.65819680000001
2025-11-12T02:01:26.266000,AIAUSDT,BUY,2.0245553,2983.0,6039.2484599
2025-11-12T02:01:29.469000,ASTERUSDT,BUY,1.1101,18.0,19.9818
2025-11-12T02:01:29.594000,AIAUSDT,BUY,2.0088,19.0,38.1672
2025-11-12T02:01:30.533000,JELLYJELLYUSDT,BUY,0.0759477,1750.0,132.908475
2025-11-12T02:01:35.513000,AIAUSDT,BUY,2.0048309,97.0,194.4685973
2025-11-12T02:01:45.313000,SOLUSDT,BUY,155.48,42.81,6656.0988
2025-11-12T02:01:56.180000,EVAAUSDT,BUY,1.703,4.0,6.812
2025-11-12T02:02:01.648000,XRPUSDT,SELL,2.3987,161.1,386.43056999999993
2025-11-12T02:02:04.304000,XRPUSDT,SELL,2.3986,353.6,848.1449600000001
2025-11-12T02:02:04.459000,ZECUSDT,SELL,462.28,0.022,10.17016
2025-11-12T02:02:08.395000,SOONUSDT,SELL,2.0969,11.0,23.065900000000003
2025-11-12T02:02:10.120000,LDOUSDT,BUY,0.818274,5815.0,4758.263309999999
2025-11-12T02:02:11.497000,XRPUSDT,SELL,2.398,5805.1,13920.629800000002
2025-11-12T02:02:12.442000,EVAAUSDT,BUY,1.709,19.7,33.6673
2025-11-12T02:02:15.224000,RESOLVUSDT,SELL,0.1292398,12038.0,1555.7887124
2025-11-12T02:02:21.283000,1000000BOBUSDT,SELL,0.04663,107.0,4.9894099999999995
2025-11-12T02:02:23.603000,ZECUSDT,BUY,464.0,0.931,431.98400000000004
2025-11-12T02:02:27.649000,1000000BOBUSDT,SELL,0.04657,141.0,6.56637
2025-11-12T02:02:29.484000,1000000BOBUSDT,SELL,0.0463819,2252.0,104.4520388
2025-11-12T02:02:34.322000,LDOUSDT,BUY,0.8213,369.0,303.0597
2025-11-12T02:02:35.241000,AIAUSDT,SELL,1.9612214,28.0,54.9141992
2025-11-12T02:02:35.245000,1000000BOBUSDT,SELL,0.0462595,92515.0,4279.6976425
2025-11-12T02:02:39.580000,LSKUSDT,SELL,0.3278,149.0,48.8422
2025-11-12T02:02:41.485000,FLMUSDT,BUY,0.0166,357.0,5.9262
2025-11-12T02:02:45.086000,FLMUSDT,BUY,0.0166,9677.0,160.6382
2025-11-12T02:02:50.261000,BLUAIUSDT,BUY,0.0127389,91524.0,1165.9150836
2025-11-12T02:02:53.123000,LSKUSDT,SELL,0.3257,12789.0,4165.3773
2025-11-12T02:02:54.267000,ASTERUSDT,BUY,1.1116537,4154.0,4617.8094697999995
2025-11-12T02:02:57.637000,LSKUSDT,SELL,0.324445,1397.0,453.249665
2025-11-12T02:02:58.072000,SIRENUSDT,BUY,0.0955938,438.0,41.8700844
2025-11-12T02:03:03.247000,JELLYJELLYUSDT,BUY,0.07614,130.0,9.8982
2025-11-12T02:03:03.422000,FLMUSDT,BUY,0.0167,1748.0,29.191599999999998
2025-11-12T02:03:04.134000,LSKUSDT,BUY,0.3249,1104.0,358.68960000000004
2025-11-12T02:03:09.528000,RESOLVUSDT,SELL,0.1284996,1228.0,157.7975088
2025-11-12T02:03:19.295000,FLMUSDT,BUY,0.0168,19986.0,335.7648
2025-11-12T02:03:19.295000,PERPUSDT,BUY,0.1262,2283.6,288.19032
2025-11-12T02:03:26.094000,FLMUSDT,BUY,0.0168,6283.0,105.55439999999999
2025-11-12T02:03:29.599000,FLMUSDT,BUY,0.0169,62494.0,1056.1486
2025-11-12T02:03:30.455000,ASTERUSDT,BUY,1.1110282,46.0,51.1072972
2025-11-12T02:03:30.455000,币安人生USDT,BUY,0.16765,152.0,25.482799999999997
2025-11-12T02:03:30.646000,FETUSDT,SELL,0.3303,178.0,58.7934
2025-11-12T02:03:32.719000,FLMUSDT,BUY,0.0169,3931.0,66.4339
2025-11-12T02:03:35.521000,RESOLVUSDT,SELL,0.1285186,1674.0,215.14013640000002
2025-11-12T02:03:42.195000,RESOLVUSDT,SELL,0.12832,674.0,86.48768
2025-11-12T02:03:42.529000,BTCUSDT,SELL,103172.3,0.001,103.1723
2025-11-12T02:07:15.220000,ALLOUSDT,BUY,0.4642,25.0,11.605
2025-11-12T02:07:15.272000,PROMUSDT,SELL,10.4630755,34.4,359.9297972
2025-11-12T02:07:15.410000,ETHUSDT,SELL,3448.31,0.015,51.72465
2025-11-12T02:07:16.689000,AIAUSDT,BUY,2.0458123,105.0,214.8102915
2025-11-12T02:07:16.796000,SKYAIUSDT,SELL,0.01799,1519.0,27.32681
2025-11-12T02:07:16.796000,BLUAIUSDT,BUY,0.01276,3646.0,46.522960000000005
2025-11-12T02:07:16.796000,ALLOUSDT,BUY,0.4623,68.0,31.4364
2025-11-12T02:07:18.066000,AIAUSDT,BUY,2.0530273,1000.0,2053.0273
2025-11-12T02:07:25.101000,AIAUSDT,BUY,2.0602,10.0,20.602
2025-11-12T02:07:25.662000,JCTUSDT,SELL,0.003817,698.0,2.664266
2025-11-12T02:07:26.255000,AIAUSDT,BUY,2.0721666,12.0,24.8659992
2025-11-12T02:07:27.395000,STABLEUSDT,BUY,0.0481595,31198.0,1502.480081
2025-11-12T02:07:28.072000,AIAUSDT,BUY,2.0695927,247.0,511.18939689999996
2025-11-12T02:07:28.130000,SAPIENUSDT,BUY,0.2128642,671.0,142.8318782
2025-11-12T02:07:29.082000,AIAUSDT,BUY,2.0691245,61.0,126.2165945
2025-11-12T02:07:29.151000,GIGGLEUSDT,BUY,155.37,0.08,12.4296
2025-11-12T02:07:29.916000,ALLOUSDT,BUY,0.4617,262.0,120.9654
2025-11-12T02:07:32.690000,ALLOUSDT,BUY,0.4452,6072.0,2703.2544
2025-11-12T02:07:33.479000,PTBUSDT,BUY,0.03338,1199.0,40.02262
2025-11-12T02:07:34.435000,AIAUSDT,BUY,2.0758052,458.0,950.7187816
2025-11-12T02:07:36.102000,AIAUSDT,BUY,2.0719517,143.0,296.2890931
2025-11-12T02:07:39.433000,GIGGLEUSDT,BUY,156.43985,3.41,533.4598885
2025-11-12T02:07:41.134000,AIAUSDT,BUY,2.0634018,865.0,1784.842557
2025-11-12T02:07:42.256000,STABLEUSDT,BUY,0.0482666,2631.0,126.98942459999999
2025-11-12T02:07:45.687000,AIAUSDT,BUY,2.0650753,1664.0,3436.2852992000003
2025-11-12T02:07:49.063000,ALLOUSDT,BUY,0.4629,13.0,6.0177
2025-11-12T02:07:49.890000,AIAUSDT,BUY,2.0649839,231.0,477.01128090000003
2025-11-12T02:07:50.178000,ALLOUSDT,BUY,0.4630839,3105.0,1437.8755095
2025-11-12T02:07:50.379000,ZECUSDT,SELL,463.01,3.671,1699.7097099999999
2025-11-12T02:07:50.379000,LSKUSDT,BUY,0.325467,6259.0,2037.097953
2025-11-12T02:07:50.379000,TRUMPUSDT,SELL,7.861,179.94,1414.5083399999999
2025-11-12T02:07:50.379000,GIGGLEUSDT,SELL,156.28839,3.24,506.3743836
2025-11-12T02:07:55.624000,LSKUSDT,BUY,0.3258,500.0,162.89999999999998
2025-11-12T02:07:55.656000,ALLOUSDT,BUY,0.4631775,308.0,142.65867
2025-11-12T02:07:55.679000,UNIUSDT,BUY,8.505,3.0,25.515
2025-11-12T02:07:57.334000,LSKUSDT,BUY,0.325663,3243.0,1056.1251089999998
2025-11-12T02:07:59.139000,ALLOUSDT,BUY,0.4645643,1989.0,924.0183926999999
2025-11-12T02:07:59.411000,BDXNUSDT,SELL,0.0677161,5428.0,367.5629908
2025-11-12T02:08:01.188000,ALLOUSDT,BUY,0.4647,118.0,54.8346
2025-11-12T02:08:04.126000,JCTUSDT,BUY,0.0038364,66147.0,253.7663508
2025-11-12T02:08:06.560000,ALLOUSDT,BUY,0.4645,46.0,21.367
2025-11-12T02:08:08.291000,LSKUSDT,BUY,0.327742,2742.0,898.668564
2025-11-12T02:08:08.401000,APRUSDT,BUY,0.29591,32.0,9.46912
2025-11-12T02:08:09.146000,1000000BOBUSDT,SELL,0.04597,147.0,6.7575899999999995
2025-11-12T02:08:09.491000,LSKUSDT,BUY,0.327489,905.0,296.377545
2025-11-12T02:08:09.557000,ALLOUSDT,BUY,0.4665,28.0,13.062000000000001
2025-11-12T02:08:11.036000,STABLEUSDT,BUY,0.04834,111.0,5.36574
2025-11-12T02:08:11.036000,JCTUSDT,BUY,0.003841,1800.0,6.913799999999999
2025-11-12T02:08:11.173000,ALLOUSDT,BUY,0.4671,85.0,39.7035
2025-11-12T02:08:11.456000,LSKUSDT,BUY,0.3283,173.0,56.795899999999996
2025-11-12T02:08:14.192000,ALLOUSDT,BUY,0.4687,138.0,64.6806
2025-11-12T02:08:14.237000,1000000BOBUSDT,SELL,0.04586,797.0,36.550419999999995
2025-11-12T02:08:15.238000,ALLOUSDT,BUY,0.4694,23.0,10.796199999999999
2025-11-12T02:08:15.255000,ENAUSDT,SELL,0.3138,494.0,155.0172
2025-11-12T02:08:15.255000,UNIUSDT,SELL,8.514,18.0,153.25199999999998
2025-11-12T02:08:15.687000,ICPUSDT,BUY,6.207,25.0,155.17499999999998
2025-11-12T02:08:17.024000,ALLOUSDT,BUY,0.4695622,707.0,331.9804754
2025-11-12T02:08:17.219000,1000000BOBUSDT,SELL,0.0457,665.0,30.3905
2025-11-12T02:08:17.356000,CCUSDT,SELL,0.1256,10172.0,1277.6031999999998
2025-11-12T02:08:17.679000,SOLUSDT,BUY,155.34,0.23,35.7282
2025-11-12T02:08:17.679000,ZECUSDT,BUY,462.83,0.03,13.884899999999998
2025-11-12T02:08:18.107000,ALLOUSDT,BUY,0.472867,11662.0,5514.574954
2025-11-12T02:08:18.460000,1000000BOBUSDT,SELL,0.04562,2352.0,107.29824
2025-11-12T02:08:20.143000,ZECUSDT,BUY,462.82,0.083,38.41406
2025-11-12T02:08:20.143000,ALLOUSDT,BUY,0.475379,81.0,38.505699
2025-11-12T02:08:20.481000,币安人生USDT,SELL,0.16778,109.0,18.288020000000003
2025-11-12T02:08:20.489000,RESOLVUSDT,BUY,0.12959,55.0,7.1274500000000005
2025-11-12T02:08:20.489000,UAIUSDT,BUY,0.1704,101.0,17.2104
2025-11-12T02:08:21.173000,LSKUSDT,SELL,0.3269,91.0,29.7479
2025-11-12T02:08:21.173000,AIAUSDT,BUY,2.063325,8.0,16.5066
2025-11-12T02:08:21.173000,ALLOUSDT,BUY,0.478,69.0,32.982
2025-11-12T02:08:21.173000,JCTUSDT,BUY,0.00384,5494.0,21.09696
2025-11-12T02:08:21.177000,ETHUSDT,BUY,3451.05,0.007,24.15735
2025-11-12T02:08:21.394000,MMTUSDT,BUY,0.4587862,153.0,70.1942886
2025-11-12T02:08:22.123000,1000000BOBUSDT,SELL,0.0456287,3647.0,166.4078689
2025-11-12T02:08:22.310000,ALLOUSDT,BUY,0.4795331,30099.0,14433.466776899999
2025-11-12T02:08:23.151000,AIAUSDT,BUY,2.0635727,165.0,340.4894955
2025-11-12T02:08:23.157000,DOGEUSDT,SELL,0.17279,1121.0,193.69759
2025-11-12T02:08:23.315000,ALLOUSDT,BUY,0.4819,121.0,58.3099
2025-11-12T02:08:25.053000,ALLOUSDT,BUY,0.4816,23.0,11.076799999999999
2025-11-12T02:08:25.182000,LSKUSDT,BUY,0.3275,456.0,149.34
2025-11-12T02:08:25.423000,0GUSDT,BUY,1.3923295,1656.0,2305.697652
2025-11-12T02:08:25.423000,STABLEUSDT,BUY,0.0484421,12304.0,596.0315984
2025-11-12T02:08:26.606000,ALLOUSDT,BUY,0.4819,53.0,25.5407
2025-11-12T02:08:26.669000,LSKUSDT,BUY,0.327913,1000.0,327.913
2025-11-12T02:08:26.669000,JCTUSDT,BUY,0.003839,100000.0,383.9
2025-11-12T02:08:26.738000,GIGGLEUSDT,BUY,156.17616,13.77,2150.5457232
2025-11-12T02:08:28.404000,LSKUSDT,BUY,0.328359,7155.0,2349.408645
2025-11-12T02:08:28.556000,ALLOUSDT,BUY,0.4847,1300.0,630.11
2025-11-12T02:08:28.663000,PTBUSDT,BUY,0.03356,327.0,10.97412
2025-11-12T02:08:29.758000,ALLOUSDT,BUY,0.4838356,11425.0,5527.82173
2025-11-12T02:08:29.830000,METUSDT,SELL,0.4452,78.0,34.7256
2025-11-12T02:08:29.994000,PROMUSDT,SELL,10.48,0.7,7.335999999999999
2025-11-12T02:08:30.436000,JCTUSDT,BUY,0.00384,211026.0,810.33984
2025-11-12T02:08:30.519000,WLFIUSDT,BUY,0.1531,39583.0,6060.157300000001
2025-11-12T02:08:30.564000,BIOUSDT,BUY,0.07509,719.0,53.98971
2025-11-12T02:08:30.564000,TRUMPUSDT,SELL,7.868,2.59,20.37812
2025-11-12T02:08:31.265000,ALLOUSDT,BUY,0.4839,33.0,15.9687
2025-11-12T02:08:32.101000,LSKUSDT,BUY,0.329,16.0,5.264
2025-11-12T02:08:33.220000,ALLOUSDT,BUY,0.4820891,984.0,474.3756744
2025-11-12T02:08:33.220000,JCTUSDT,BUY,0.0038423,72032.0,276.7685536
2025-11-12T02:08:33.318000,CCUSDT,BUY,0.1261,1022.0,128.8742
2025-11-12T02:08:38.545000,PTBUSDT,BUY,0.0338103,2527.0,85.4386281
2025-11-12T02:08:38.581000,PROMUSDT,BUY,10.5311512,11.9,125.32069928
2025-11-12T02:08:48.472000,ALLOUSDT,SELL,0.4758,154.0,73.2732
2025-11-12T02:08:49.538000,ALLOUSDT,SELL,0.4757916,500.0,237.89579999999998
2025-11-12T02:08:52.360000,PROMUSDT,BUY,10.5544285,196.0,2068.667986
2025-11-12T02:08:54.226000,LSKUSDT,SELL,0.3269,1103.0,360.57070000000004
2025-11-12T02:08:54.793000,FOLKSUSDT,BUY,5.659,5.2,29.4268
2025-11-12T02:09:00.381000,PROMUSDT,BUY,10.599,12.5,132.4875
2025-11-12T02:09:02.071000,PROMUSDT,BUY,10.585,6.3,66.6855
2025-11-12T02:09:07.297000,PROMUSDT,BUY,10.656,1.0,10.656
2025-11-12T02:09:08.410000,PROMUSDT,BUY,10.654,5.0,53.269999999999996
2025-11-12T02:09:09.480000,PROMUSDT,BUY,10.6884565,89.8,959.8233936999999
2025-11-12T02:09:10.134000,ETHUSDT,BUY,3452.64,0.198,683.62272
2025-11-12T02:09:12.185000,PROMUSDT,BUY,10.6708148,8.1,86.43359988
2025-11-12T02:09:13.098000,ETHUSDT,BUY,3453.18,0.291,1004.8753799999998
2025-11-12T02:09:13.100000,ZECUSDT,BUY,465.97,0.829,386.28913
2025-11-12T02:09:14.223000,ETHUSDT,BUY,3453.45,0.09,310.8105
2025-11-12T02:09:24.243000,ZECUSDT,BUY,467.13,0.05,23.3565
2025-11-12T02:09:25.392000,ASTERUSDT,BUY,1.1179,188.0,210.16519999999997
2025-11-12T02:09:25.604000,COMMONUSDT,BUY,0.0110435,7782.0,85.940517
2025-11-12T02:09:33.415000,ETHUSDT,BUY,3453.76,25.499,88067.42624
2025-11-12T02:09:34.383000,BTCUSDT,BUY,103295.1,0.002,206.5902
2025-11-12T02:09:49.132000,ZECUSDT,BUY,468.15,0.113,52.90095
2025-11-12T02:09:49.431000,SOLUSDC,SELL,155.36,0.09,13.9824
2025-11-12T02:09:49.431000,BNBUSDT,SELL,964.03,0.06,57.8418
2025-11-12T02:09:49.431000,BTCUSDT,SELL,103270.5,0.001,103.2705
2025-11-12T02:09:49.431000,ADAUSDT,SELL,0.5608,9.0,5.0472
2025-11-12T02:09:50.157000,ZECUSDT,BUY,468.11,11.102,5196.95722
2025-11-12T02:09:51.569000,HIVEUSDT,BUY,0.12694,475.0,60.2965
2025-11-12T02:09:52.478000,ZECUSDT,BUY,467.95,0.314,146.9363
2025-11-12T02:10:07.076000,PTBUSDT,SELL,0.0334992,5216.0,174.7318272
2025-11-12T02:10:14.415000,ZECUSDT,BUY,469.24,0.074,34.72376
2025-11-12T02:10:15.493000,ZECUSDT,BUY,469.59,2.5,1173.975
2025-11-12T02:10:19.112000,ZECUSDT,BUY,470.07,2.464,1158.2524799999999
2025-11-12T02:10:20.313000,ZECUSDT,BUY,469.9,0.024,11.2776
2025-11-12T02:10:20.664000,DASHUSDT,BUY,69.28,55.203,3824.4638400000003
2025-11-12T02:10:22.181000,ZECUSDT,BUY,470.14,0.573,269.39021999999994
2025-11-12T02:10:26.102000,CCUSDT,SELL,0.125,45.0,5.625
2025-11-12T02:10:26.377000,ASTERUSDT,BUY,1.1192979,494.0,552.9331626000001
2025-11-12T02:10:26.400000,ZECUSDT,BUY,470.21,1.124,528.51604
2025-11-12T02:10:27.432000,ALLOUSDT,SELL,0.4657537,1112.0,517.9181144
2025-11-12T02:10:29.069000,ALLOUSDT,SELL,0.465,878.0,408.27000000000004
2025-11-12T02:10:30.641000,CCUSDT,SELL,0.1246437,7892.0,983.6880804
2025-11-12T02:10:31.603000,ALLOUSDT,SELL,0.4645,81.0,37.624500000000005
2025-11-12T02:10:31.644000,CCUSDT,SELL,0.1251939,2222.0,278.1808458
2025-11-12T02:10:34.094000,ALLOUSDT,SELL,0.4640408,8740.0,4055.7165919999998
2025-11-12T02:10:35.453000,ALLOUSDT,SELL,0.4622,331.0,152.9882
2025-11-12T02:10:37.327000,ALLOUSDT,SELL,0.4629,553.0,255.9837
2025-11-12T02:10:42.366000,CCUSDT,BUY,0.1255,46.0,5.773
2025-11-12T02:10:43.970000,ALLOUSDT,SELL,0.4624,327.0,151.2048
2025-11-12T02:10:48.156000,MERLUSDT,SELL,0.37015,56.0,20.7284
2025-11-12T02:10:49.615000,ALLOUSDT,SELL,0.4615,21.0,9.691500000000001
2025-11-12T02:10:50.485000,ASTERUSDT,BUY,1.1191,102.0,114.1482
2025-11-12T02:10:50.512000,AIAUSDT,BUY,2.1038835,388.0,816.306798
2025-11-12T02:10:52.177000,AIAUSDT,BUY,2.0988,7.0,14.691600000000001
2025-11-12T02:10:55.134000,ZECUSDT,BUY,471.26,1.0,471.26
2025-11-12T02:10:56.233000,ZECUSDT,BUY,471.18,1.323,623.37114
2025-11-12T02:10:57.115000,AIAUSDT,BUY,2.0904,36.0,75.25439999999999
2025-11-12T02:10:59.628000,ZECUSDT,BUY,471.47,0.07,33.002900000000004
2025-11-12T02:10:59.628000,ETHUSDT,BUY,3451.73,0.012,41.42076
2025-11-12T02:11:00.122000,AIAUSDT,BUY,2.094,10.0,20.939999999999998
2025-11-12T02:11:01.177000,ZECUSDT,BUY,471.37,5.347,2520.41539
2025-11-12T02:11:06.330000,ALLOUSDT,SELL,0.4591561,1187.0,545.0182907
2025-11-12T02:11:10.829000,AIAUSDT,BUY,2.0749594,770.0,1597.718738
2025-11-12T02:11:12.102000,ZECUSDT,BUY,472.21,0.897,423.57237
2025-11-12T02:11:13.150000,ZECUSDT,BUY,472.86,33.899,16029.481140000002
2025-11-12T02:11:13.472000,ALLOUSDT,SELL,0.459,82.0,37.638
2025-11-12T02:11:22.170000,ZECUSDT,BUY,472.93,0.011,5.20223
2025-11-12T02:11:23.211000,FORMUSDT,SELL,0.4481,48.2,21.59842
2025-11-12T02:11:24.052000,ZECUSDT,BUY,472.88,0.65,307.372
2025-11-12T02:11:37.649000,APRUSDT,SELL,0.2943542,2782.0,818.8933844000001
2025-11-12T02:11:38.559000,ZECUSDT,BUY,472.74,0.066,31.200840000000003
2025-11-12T02:11:41.167000,LSKUSDT,BUY,0.328736,504.0,165.682944
2025-11-12T02:11:44.693000,PROMUSDT,SELL,10.4468657,70.0,731.280599
2025-11-12T02:11:47.283000,AIAUSDT,BUY,2.0868193,62.0,129.3827966
2025-11-12T02:11:49.635000,LSKUSDT,BUY,0.3298,106.0,34.9588
2025-11-12T02:11:51.477000,AIAUSDT,BUY,2.0880152,546.0,1140.0562992
2025-11-12T02:11:52.621000,AIAUSDT,BUY,2.0901,4.0,8.3604
2025-11-12T02:11:53.644000,LSKUSDT,BUY,0.3315,31.0,10.2765
2025-11-12T02:11:54.658000,LSKUSDT,BUY,0.3309,20.0,6.618
2025-11-12T02:11:54.658000,AIAUSDT,BUY,2.0948,5.0,10.474
2025-11-12T02:11:58.360000,PROMUSDT,SELL,10.3881086,345.3,3587.0138995800003
2025-11-12T02:11:59.125000,PTBUSDT,BUY,0.0339013,61087.0,2070.9287131
2025-11-12T02:11:59.447000,PROMUSDT,SELL,10.3863463,17.9,185.91559876999997
2025-11-12T02:12:02.100000,ZECUSDT,SELL,470.34,1.162,546.5350799999999
2025-11-12T02:12:05.138000,ZECUSDT,SELL,469.94,0.185,86.9389
2025-11-12T02:12:07.155000,ZECUSDT,SELL,470.75,0.549,258.44175
2025-11-12T02:12:07.613000,AIAUSDT,BUY,2.0908244,1518.0,3173.8714391999997
2025-11-12T02:12:08.527000,KITEUSDT,SELL,0.0808535,359.0,29.026406499999997
2025-11-12T02:12:18.544000,AXSUSDT,BUY,1.379,28.0,38.612
2025-11-12T02:12:22.636000,BLUAIUSDT,BUY,0.0128573,66016.0,848.7875168
2025-11-12T02:12:29.098000,DASHUSDT,BUY,70.03,0.359,25.14077
2025-11-12T02:12:29.385000,1000000BOBUSDT,BUY,0.04626,713.0,32.983380000000004
2025-11-12T02:12:29.543000,ZECUSDT,BUY,474.5,1.155,548.0475
2025-11-12T02:12:31.063000,ZECUSDT,BUY,474.48,0.327,155.15496000000002
2025-11-12T02:12:32.067000,ZECUSDT,BUY,474.32,0.095,45.0604
2025-11-12T02:12:32.067000,ASTERUSDT,BUY,1.1214,36.0,40.3704
2025-11-12T02:12:32.213000,DASHUSDT,BUY,70.09,28.652,2008.2186800000002
2025-11-12T02:12:33.145000,ALLOUSDT,BUY,0.4638,112.0,51.9456
2025-11-12T02:12:33.369000,UNIUSDT,BUY,8.4977,332.0,2821.2364000000002
2025-11-12T02:12:33.370000,KITEUSDT,SELL,0.0809628,19482.0,1577.3172696
2025-11-12T02:12:33.370000,BTCUSDT,BUY,103300.0,0.058,5991.400000000001
2025-11-12T02:12:33.369000,ZECUSDT,BUY,476.29,22.42,10678.421800000002
2025-11-12T02:12:33.370000,XRPUSDT,BUY,2.4016,1399.7,3361.5195200000003
2025-11-12T02:12:33.382000,PUMPUSDT,BUY,0.004102,41121.0,168.678342
2025-11-12T02:12:34.484000,ZECUSDT,BUY,476.11,3.384,1611.15624
2025-11-12T02:12:35.154000,AIAUSDT,BUY,2.0927,4.0,8.3708
2025-11-12T02:12:35.155000,币安人生USDT,BUY,0.16781,102.0,17.116619999999998
2025-11-12T02:12:35.268000,DASHUSDT,BUY,70.04,17.984,1259.5993600000002
2025-11-12T02:12:35.292000,BTCUSDT,SELL,103302.2,0.025,2582.5550000000003
2025-11-12T02:12:35.358000,LSKUSDT,BUY,0.328365,15370.0,5046.97005
2025-11-12T02:12:35.369000,XRPUSDT,SELL,2.4019,13.9,33.38641
2025-11-12T02:12:35.453000,ALLOUSDT,BUY,0.4628,60.0,27.768
2025-11-12T02:12:35.588000,ZECUSDT,BUY,476.02,0.1,47.602000000000004
2025-11-12T02:12:36.198000,1000000BOBUSDT,BUY,0.04629,254.0,11.75766
2025-11-12T02:12:36.198000,TAKEUSDT,BUY,0.27377,91.0,24.91307
2025-11-12T02:12:38.101000,ZECUSDT,BUY,476.94,0.684,326.22696
2025-11-12T02:12:39.394000,ZECUSDT,BUY,477.38,0.159,75.90342
2025-11-12T02:12:40.174000,COAIUSDT,SELL,0.897,100.0,89.7
2025-11-12T02:12:40.289000,ONUSDT,BUY,0.1236927,193.0,23.8726911
2025-11-12T02:12:40.426000,ZECUSDT,BUY,477.82,0.294,140.47907999999998
2025-11-12T02:12:40.572000,GIGGLEUSDT,SELL,154.69365,16.49,2550.8982884999996
2025-11-12T02:12:41.470000,ZECUSDT,BUY,477.49,2.188,1044.7481200000002
2025-11-12T02:12:43.200000,VELODROMEUSDT,BUY,0.04948,603.0,29.836440000000003
2025-11-12T02:12:43.609000,FLUXUSDT,BUY,0.1881034,4548.0,855.4942632
2025-11-12T02:12:45.549000,ETHUSDT,BUY,3454.37,1.395,4818.84615
2025-11-12T02:12:48.420000,FLUXUSDT,BUY,0.1887,3968.0,748.7616
2025-11-12T02:12:49.396000,JCTUSDT,BUY,0.003834,2995.0,11.48283
2025-11-12T02:13:20.288000,ZECUSDT,BUY,475.75,0.503,239.30225000000002
2025-11-12T02:13:24.407000,PTBUSDT,BUY,0.0338891,9098.0,308.32303179999997
2025-11-12T02:13:25.709000,ENAUSDT,BUY,0.3143,6237.0,1960.2891000000002
2025-11-12T02:13:35.622000,MOCAUSDT,BUY,0.0403727,3347.0,135.1274269
2025-11-12T02:13:54.054000,ASTERUSDT,SELL,1.118,1008.0,1126.9440000000002
2025-11-12T02:14:26.204000,LSKUSDT,SELL,0.3251,335.0,108.9085
2025-11-12T02:14:26.570000,UNIUSDT,SELL,8.452,11.0,92.972
2025-11-12T02:14:28.261000,LSKUSDT,SELL,0.3249,742.0,241.07580000000002
2025-11-12T02:15:10.850000,PTBUSDT,BUY,0.0340401,48774.0,1660.2718373999999
2025-11-12T02:15:11.432000,DASHUSDT,SELL,70.06,53.365,3738.7519
2025-11-12T02:15:13.269000,TAKEUSDT,BUY,0.2747663,148.0,40.6654124
2025-11-12T02:15:15.301000,PTBUSDT,BUY,0.0341877,2598.0,88.8196446
2025-11-12T02:15:16.413000,PTBUSDT,BUY,0.03408,80.0,2.7264
2025-11-12T02:15:16.637000,ALLOUSDT,SELL,0.4546655,1115.0,506.9520325
2025-11-12T02:15:18.484000,TURTLEUSDT,BUY,0.1127,1923.0,216.72209999999998
2025-11-12T02:15:18.679000,ALLOUSDT,SELL,0.4555,370.0,168.535
2025-11-12T02:15:21.511000,ALLOUSDT,SELL,0.455397,1518.0,691.292646
2025-11-12T02:15:25.227000,EVAAUSDT,BUY,1.727,3.9,6.7353000000000005
2025-11-12T02:15:39.200000,ZECUSDT,SELL,470.49,0.031,14.58519
2025-11-12T02:15:41.048000,ZECUSDT,SELL,470.12,1.0,470.12
2025-11-12T02:15:41.645000,UNIUSDT,SELL,8.419,3.0,25.257
2025-11-12T02:15:43.513000,ALLOUSDT,BUY,0.4600171,903.0,415.3954413
2025-11-12T02:15:44.500000,ZECUSDT,SELL,469.87,1.051,493.83337
2025-11-12T02:15:45.315000,UNIUSDT,SELL,8.4179,692.0,5825.1867999999995
2025-11-12T02:15:47.570000,ZECUSDT,SELL,470.38,4.223,1986.41474
2025-11-12T02:15:50.089000,LSKUSDT,SELL,0.323612,496.0,160.511552
2025-11-12T02:15:52.566000,BASUSDT,SELL,0.00781,763.0,5.95903
2025-11-12T02:15:55.670000,CCUSDT,SELL,0.1269,1146.0,145.4274
2025-11-12T02:16:00.314000,ZECUSDT,SELL,469.62,1.721,808.2160200000001
2025-11-12T02:16:07.261000,PUMPUSDT,BUY,0.004109,599609.0,2463.793381
2025-11-12T02:16:11.338000,HIVEUSDT,BUY,0.1284561,457.0,58.70443769999999
2025-11-12T02:16:12.459000,42USDT,BUY,0.0812937,12019.0,977.0689802999999
2025-11-12T02:16:14.171000,ASTERUSDT,SELL,1.1121,51.0,56.7171
2025-11-12T02:16:16.492000,ZECUSDT,BUY,472.7,1.033,488.29909999999995
2025-11-12T02:16:18.130000,ZECUSDT,BUY,473.59,111.572,52839.38348
2025-11-12T02:16:22.466000,ZENUSDT,BUY,12.924,7.7,99.5148
2025-11-12T02:16:22.630000,ZECUSDT,BUY,476.84,0.377,179.76868
2025-11-12T02:16:24.486000,DASHUSDT,BUY,70.73,29.376,2077.7644800000003
2025-11-12T02:16:25.371000,ZECUSDT,BUY,476.55,5.534,2637.2277
2025-11-12T02:16:26.313000,DASHUSDT,BUY,70.71,0.12,8.485199999999999
2025-11-12T02:16:26.462000,RSRUSDT,BUY,0.004377,114784.0,502.409568
2025-11-12T02:16:27.517000,WIFUSDT,BUY,0.4662,1478.0,689.0436
2025-11-12T02:16:28.442000,ZECUSDT,BUY,477.66,1.596,762.34536
2025-11-12T02:16:29.510000,RVVUSDT,BUY,0.0061824,8327.0,51.4808448
2025-11-12T02:16:36.237000,SOONUSDT,BUY,2.1515311,372.0,800.3695692
2025-11-12T02:16:37.558000,ZECUSDT,BUY,479.25,0.371,177.80175
2025-11-12T02:16:38.615000,ZECUSDT,BUY,479.86,0.125,59.9825
2025-11-12T02:16:38.628000,LSKUSDT,BUY,0.32731,754.0,246.79174
2025-11-12T02:16:38.637000,EVAAUSDT,BUY,1.73,19.4,33.562
2025-11-12T02:16:40.060000,ZECUSDT,BUY,479.81,10.065,4829.28765
2025-11-12T02:16:40.326000,MMTUSDT,SELL,0.4595023,40000.0,18380.092
2025-11-12T02:16:41.126000,ZECUSDT,BUY,480.05,0.119,57.125949999999996
2025-11-12T02:16:44.132000,EVAAUSDT,BUY,1.731,2.6,4.5006
2025-11-12T02:16:46.302000,TAKEUSDT,BUY,0.27505,149.0,40.98245
2025-11-12T02:16:47.728000,BTCUSDT,BUY,103349.2,0.34,35138.728
2025-11-12T02:16:50.422000,BTCUSDT,BUY,103360.1,1.222,126306.04220000001
2025-11-12T02:16:50.630000,TAKEUSDT,BUY,0.27505,98.0,26.954900000000002
2025-11-12T02:16:51.464000,EVAAUSDT,BUY,1.733,3.9,6.7587
2025-11-12T02:16:58.442000,TAKEUSDT,BUY,0.27549,172.0,47.384280000000004
2025-11-12T02:17:03.505000,ALLOUSDT,SELL,0.4561,285.0,129.9885
2025-11-12T02:17:07.154000,ALLOUSDT,SELL,0.453,337.0,152.661
2025-11-12T02:17:07.181000,EVAAUSDT,BUY,1.732,7.8,13.509599999999999
2025-11-12T02:17:08.231000,ALLOUSDT,SELL,0.4529,44.0,19.9276
2025-11-12T02:17:10.344000,ALLOUSDT,SELL,0.454,1126.0,511.204
2025-11-12T02:17:15.227000,ALLOUSDT,SELL,0.4528612,297.0,134.4997764
2025-11-12T02:17:15.635000,ASTERUSDT,SELL,1.1109671,2242.0,2490.7882382000003
2025-11-12T02:17:17.169000,ALLOUSDT,SELL,0.4516,20.0,9.032
2025-11-12T02:17:17.211000,AIAUSDT,SELL,2.0313558,272.0,552.5287776
2025-11-12T02:17:20.182000,ALLOUSDT,SELL,0.4514716,9537.0,4305.6846491999995
2025-11-12T02:17:21.061000,AIAUSDT,SELL,2.0169,8.0,16.1352
2025-11-12T02:17:23.608000,AIAUSDT,SELL,1.9806634,52.0,102.99449680000001
2025-11-12T02:17:24.624000,AIAUSDT,SELL,1.9772479,194.0,383.58609260000003
2025-11-12T02:17:25.360000,EVAAUSDT,BUY,1.745819,15.5,27.0601945
2025-11-12T02:17:26.138000,AIAUSDT,SELL,1.9591,13.0,25.4683
2025-11-12T02:17:27.737000,AIAUSDT,SELL,1.9911,8.0,15.9288
2025-11-12T02:17:29.122000,AIAUSDT,SELL,1.9702,5.0,9.850999999999999
2025-11-12T02:17:29.206000,EVAAUSDT,BUY,1.753,46.2,80.9886
2025-11-12T02:17:30.157000,AIAUSDT,SELL,1.9758,7.0,13.8306
2025-11-12T02:17:30.273000,EVAAUSDT,BUY,1.752,7.7,13.490400000000001
2025-11-12T02:17:31.366000,AIAUSDT,SELL,1.972,16.0,31.552
2025-11-12T02:17:33.057000,AIAUSDT,SELL,1.9445697,599.0,1164.7972503
2025-11-12T02:17:34.111000,EVAAUSDT,BUY,1.762228,821.9,1448.3751931999998
2025-11-12T02:17:34.675000,ZECUSDT,SELL,474.15,0.624,295.8696
2025-11-12T02:17:35.137000,AIAUSDT,SELL,1.9545293,75.0,146.5896975
2025-11-12T02:17:35.137000,UAIUSDT,SELL,0.1713,223.0,38.1999
2025-11-12T02:17:35.137000,COTIUSDT,SELL,0.04096,704.0,28.83584
2025-11-12T02:17:35.137000,EULUSDT,SELL,5.734,3.0,17.201999999999998
2025-11-12T02:17:35.419000,AKEUSDT,SELL,0.0007787,428.0,0.3332836
2025-11-12T02:17:35.419000,METUSDT,SELL,0.4445,1.0,0.4445
2025-11-12T02:17:35.419000,APRUSDT,SELL,0.29667,1.0,0.29667
2025-11-12T02:17:36.195000,TRUTHUSDT,SELL,0.027021,22115.0,597.569415
2025-11-12T02:17:36.194000,EVAAUSDT,BUY,1.763,261.8,461.5534
2025-11-12T02:17:47.153000,JCTUSDT,BUY,0.0038445,1214468.0,4669.022226
2025-11-12T02:17:47.153000,ALLOUSDT,SELL,0.4514824,4197.0,1894.8716328
2025-11-12T02:17:51.438000,ZECUSDT,BUY,478.66,2.864,1370.88224
2025-11-12T02:17:53.157000,ZECUSDT,BUY,478.59,6.842,3274.5127799999996
2025-11-12T02:17:56.460000,EVAAUSDT,BUY,1.774,95.4,169.23960000000002
2025-11-12T02:18:03.614000,AIAUSDT,BUY,1.9955,20.0,39.910000000000004
2025-11-12T02:18:05.666000,EVAAUSDT,BUY,1.784083,1451.9,2590.3101077
2025-11-12T02:18:09.469000,TRUMPUSDT,BUY,7.873,38.33,301.77209
2025-11-12T02:18:09.469000,EVAAUSDT,BUY,1.781068,691.0,1230.717988
2025-11-12T02:18:19.081000,1000000BOBUSDT,BUY,0.04649,253.0,11.76197
2025-11-12T02:18:26.441000,1000PEPEUSDT,BUY,0.0058797,1190.0,6.996843
2025-11-12T02:18:33.206000,ZECUSDT,BUY,480.01,5.0,2400.05
2025-11-12T02:18:35.444000,BLESSUSDT,BUY,0.03111,7688.0,239.17368
2025-11-12T02:18:38.046000,DASHUSDT,BUY,70.86,0.283,20.053379999999997
2025-11-12T02:18:39.497000,DASHUSDT,BUY,70.87,2.516,178.30892
2025-11-12T02:18:40.575000,DASHUSDT,BUY,70.8,0.58,41.06399999999999
2025-11-12T02:18:41.350000,LDOUSDT,BUY,0.8257,119.0,98.2583
2025-11-12T02:18:43.651000,EVAAUSDT,BUY,1.79,6.1,10.918999999999999
2025-11-12T02:18:44.256000,ZECUSDT,BUY,480.17,0.02,9.6034
2025-11-12T02:18:45.559000,ZECUSDT,BUY,481.0,160.974,77428.49399999999
2025-11-12T02:18:47.249000,ZECUSDT,BUY,480.89,3.205,1541.25245
2025-11-12T02:18:47.478000,HIVEUSDT,BUY,0.128943,426.0,54.929718
2025-11-12T02:18:48.663000,ZECUSDT,BUY,481.07,0.43,206.8601
2025-11-12T02:18:52.153000,ZECUSDT,BUY,481.69,0.077,37.09013
2025-11-12T02:18:52.435000,ETHUSDT,BUY,3448.7,0.014,48.2818
2025-11-12T02:18:52.614000,EVAAUSDT,BUY,1.792038,44.4,79.5664872
2025-11-12T02:18:54.139000,ZECUSDT,BUY,481.64,0.135,65.0214
2025-11-12T02:19:04.576000,PTBUSDT,BUY,0.0342783,8476.0,290.5428708
2025-11-12T02:19:14.608000,CCUSDT,BUY,0.1292,90.0,11.628
2025-11-12T02:19:15.608000,ALLOUSDT,BUY,0.4567,631.0,288.1777
2025-11-12T02:19:17.350000,JCTUSDT,BUY,0.0038597,239319.0,923.6995443000001
2025-11-12T02:19:20.182000,KITEUSDT,SELL,0.0806179,9940.0,801.3419260000001
2025-11-12T02:19:20.351000,TRUTHUSDT,SELL,0.0269299,1919.0,51.6784781
2025-11-12T02:19:20.372000,LSKUSDT,BUY,0.3297,118.0,38.9046
2025-11-12T02:19:23.592000,LSKUSDT,BUY,0.3299,435.0,143.50650000000002
2025-11-12T02:19:25.944000,LSKUSDT,BUY,0.3294,23.0,7.576200000000001
2025-11-12T02:19:26.445000,JCTUSDT,BUY,0.003861,1313.0,5.069493
2025-11-12T02:19:32.287000,VELODROMEUSDT,BUY,0.049512,2997.0,148.387464
2025-11-12T02:19:34.402000,TRUTHUSDT,SELL,0.0268875,12269.0,329.8827375
2025-11-12T02:19:41.294000,UAIUSDT,BUY,0.1724,299.0,51.5476
2025-11-12T02:19:41.575000,KGENUSDT,BUY,0.2610096,4000.0,1044.0384000000001
2025-11-12T02:19:41.575000,币安人生USDT,BUY,0.167501,5000.0,837.5050000000001
2025-11-12T02:19:52.263000,ZECUSDT,BUY,480.89,24.201,11638.01889
2025-11-12T02:19:52.455000,ALLOUSDT,SELL,0.4518,11.0,4.969799999999999
2025-11-12T02:19:59.494000,XPINUSDT,SELL,0.003922,10106.0,39.635732000000004
2025-11-12T02:20:01.197000,ETHUSDT,SELL,3442.02,0.108,371.73816
2025-11-12T02:20:08.388000,ETHUSDT,SELL,3440.28,0.015,51.6042
2025-11-12T02:20:16.398000,ALLOUSDT,SELL,0.4505025,759.0,341.9313975
2025-11-12T02:20:16.423000,ETHUSDT,SELL,3436.14,0.142,487.9318799999999
2025-11-12T02:20:17.392000,EVAAUSDT,SELL,1.744,8.0,13.952
2025-11-12T02:20:17.532000,ALLOUSDT,SELL,0.4502,1796.0,808.5592
2025-11-12T02:20:18.381000,ETHUSDT,SELL,3435.72,2.0,6871.44
2025-11-12T02:20:20.313000,1000SATSUSDT,SELL,2.18e-05,42158412.0,919.0533816000001
2025-11-12T02:20:20.453000,NOTUSDT,SELL,0.0007108,30443.0,21.638884400000002
2025-11-12T02:20:27.507000,MMTUSDT,SELL,0.4564425,3524.0,1608.50337
2025-11-12T02:20:27.599000,ETHUSDC,SELL,3435.95,2.392,8218.792399999998
2025-11-12T02:20:30.137000,ZECUSDT,SELL,475.97,0.044,20.94268
2025-11-12T02:20:31.559000,COMMONUSDT,SELL,0.0109581,644.0,7.0570164
2025-11-12T02:20:33.395000,STRKUSDT,SELL,0.142,112.2,15.9324
2025-11-12T02:20:34.433000,STRKUSDT,SELL,0.1421,2576.0,366.0496
2025-11-12T02:20:36.383000,ETHUSDT,SELL,3435.43,0.02,68.7086
2025-11-12T02:20:39.368000,MMTUSDT,SELL,0.4561,62.0,28.278200000000002
2025-11-12T02:20:43.347000,ALLOUSDT,SELL,0.4476,16.0,7.1616
2025-11-12T02:20:44.664000,ALLOUSDT,SELL,0.4477,346.0,154.9042
2025-11-12T02:20:52.281000,ALLOUSDT,SELL,0.4462201,417.0,186.0737817
2025-11-12T02:20:53.483000,AIAUSDT,SELL,1.9682,36.0,70.8552
2025-11-12T02:20:53.576000,MMTUSDT,SELL,0.4561,402.0,183.3522
2025-11-12T02:20:53.576000,ALLOUSDT,SELL,0.4465,282.0,125.913
2025-11-12T02:20:55.134000,STRKUSDT,SELL,0.1419,34.6,4.90974
2025-11-12T02:20:56.270000,UNIUSDT,SELL,8.385,18.0,150.93
2025-11-12T02:20:56.674000,LSKUSDT,SELL,0.3267,83.0,27.1161
2025-11-12T02:20:58.310000,TRUTHUSDT,SELL,0.0267465,1443.0,38.5951995
2025-11-12T02:20:58.522000,NEIROUSDT,SELL,0.0001627,129143.0,21.0115661
2025-11-12T02:20:59.467000,ALLOUSDT,SELL,0.4457,135.0,60.1695
2025-11-12T02:21:01.418000,AIAUSDT,SELL,1.9681691,81.0,159.4216971
2025-11-12T02:21:01.452000,ALLOUSDT,SELL,0.4470379,116.0,51.8563964
2025-11-12T02:21:06.228000,PYTHUSDT,SELL,0.10098,149.0,15.04602
2025-11-12T02:21:07.075000,SOLUSDT,SELL,154.58,0.15,23.187
2025-11-12T02:21:11.549000,PTBUSDT,BUY,0.0344167,24793.0,853.2932431
2025-11-12T02:21:18.086000,AIAUSDT,SELL,1.9507,4.0,7.8028
2025-11-12T02:21:24.209000,ARUSDT,SELL,5.002,200.0,1000.4
2025-11-12T02:21:26.074000,PTBUSDT,BUY,0.03448,1866.0,64.33967999999999
2025-11-12T02:21:26.847000,TRUTHUSDT,BUY,0.026747,642.0,17.171574
2025-11-12T02:21:29.325000,ICPUSDT,SELL,6.1,92.0,561.1999999999999
2025-11-12T02:21:30.881000,ATUSDT,BUY,0.3588659,138.0,49.5234942
2025-11-12T02:21:34.225000,AKEUSDT,SELL,0.000763,467424.0,356.644512
2025-11-12T02:21:41.297000,AIAUSDT,SELL,1.9315,20.0,38.63
2025-11-12T02:21:45.094000,AIAUSDT,SELL,1.9156,6.0,11.4936
2025-11-12T02:21:47.078000,AIAUSDT,SELL,1.9291486,267.0,515.0826762
2025-11-12T02:21:48.755000,AIAUSDT,SELL,1.9315,18.0,34.767
2025-11-12T02:21:52.160000,CCUSDT,BUY,0.1295965,11022.0,1428.412623
2025-11-12T02:21:55.278000,SOLUSDT,SELL,154.49,0.43,66.4307
2025-11-12T02:21:56.604000,SOLUSDT,SELL,154.49,1.34,207.0166
2025-11-12T02:22:00.336000,ALLOUSDT,BUY,0.449814,3064.0,1378.230096
2025-11-12T02:22:01.299000,STRKUSDT,SELL,0.1418,734.6,104.16628000000001
2025-11-12T02:22:05.595000,SOLUSDC,SELL,154.53,2.39,369.3267
2025-11-12T02:22:05.751000,AIAUSDT,SELL,1.9296,18.0,34.7328
2025-11-12T02:22:05.751000,MMTUSDT,SELL,0.456,421.0,191.976
2025-11-12T02:22:12.660000,ZECUSDT,BUY,477.45,0.532,254.0034
2025-11-12T02:22:20.253000,XPINUSDT,SELL,0.0038782,18232.0,70.7073424
2025-11-12T02:22:32.135000,PROMPTUSDT,SELL,0.0837109,1256.0,105.1408904
2025-11-12T02:22:32.135000,TRUTHUSDT,SELL,0.0266697,11105.0,296.1670185
2025-11-12T02:23:03.592000,LSKUSDT,SELL,0.3246,16.0,5.1936
2025-11-12T02:23:05.492000,BTCUSDT,BUY,103309.3,0.094,9711.074200000001
2025-11-12T02:23:05.492000,ATUSDT,BUY,0.3621928,390.0,141.255192
2025-11-12T02:23:25.515000,ATUSDT,BUY,0.3603231,27327.0,9846.5493537
2025-11-12T02:23:31.288000,LSKUSDT,SELL,0.32305,2596.0,838.6378
2025-11-12T02:23:34.565000,KERNELUSDT,BUY,0.1131,1598.0,180.7338
2025-11-12T02:23:35.263000,XRPUSDT,SELL,2.3954,29.5,70.6643
2025-11-12T02:23:35.390000,TAKEUSDT,SELL,0.2725562,24.0,6.541348800000001
2025-11-12T02:23:35.390000,AIAUSDT,SELL,1.9158,3.0,5.7474
2025-11-12T02:23:37.454000,AIAUSDT,SELL,1.9114865,1087.0,2077.7858255
2025-11-12T02:23:38.478000,AIAUSDT,SELL,1.9126943,159.0,304.1183937
2025-11-12T02:23:42.068000,LSKUSDT,SELL,0.321404,1525.0,490.14110000000005
2025-11-12T02:23:42.180000,AIAUSDT,SELL,1.9057,83.0,158.1731
2025-11-12T02:23:46.157000,ATUSDT,BUY,0.3425,1176.0,402.78000000000003
2025-11-12T02:23:47.723000,STOUSDT,BUY,0.1791701,3937.0,705.3926837
2025-11-12T02:23:48.117000,LSKUSDT,SELL,0.3208,27.0,8.6616
2025-11-12T02:23:49.083000,XRPUSDT,SELL,2.3941,12466.2,29845.329420000002
2025-11-12T02:23:50.088000,AIAUSDT,SELL,1.87448,206.0,386.14288
2025-11-12T02:23:50.644000,SUIUSDT,SELL,2.0169,21.4,43.16166
2025-11-12T02:23:51.615000,XRPUSDT,SELL,2.394,1405.0,3363.57
2025-11-12T02:23:52.196000,AIAUSDT,SELL,1.8816,20.0,37.632
2025-11-12T02:23:53.516000,TAKEUSDT,SELL,0.2725487,1159.0,315.8839433
2025-11-12T02:23:53.516000,AIAUSDT,SELL,1.8827055,54.0,101.666097
2025-11-12T02:23:55.081000,AIAUSDT,SELL,1.8936,4.0,7.5744
2025-11-12T02:23:55.602000,PTBUSDT,BUY,0.0345,494.0,17.043000000000003
2025-11-12T02:24:05.058000,PTBUSDT,BUY,0.03464,1108.0,38.381119999999996
2025-11-12T02:24:05.058000,ALLOUSDT,SELL,0.446,12.0,5.352
2025-11-12T02:24:05.058000,COAIUSDT,SELL,0.894,5.0,4.47
2025-11-12T02:24:25.280000,VELODROMEUSDT,BUY,0.04998,657.0,32.836859999999994
2025-11-12T02:24:50.165000,VELODROMEUSDT,BUY,0.05007,1308.0,65.49156
2025-11-12T02:24:57.211000,ALLOUSDT,BUY,0.4506897,479.0,215.88036630000002
2025-11-12T02:25:08.222000,TRUTHUSDT,SELL,0.026555,7930.0,210.58114999999998
2025-11-12T02:25:15.199000,ALLOUSDT,BUY,0.4519,120.0,54.228
2025-11-12T02:25:18.157000,VIRTUALUSDT,SELL,1.3257,413.5,548.17695
2025-11-12T02:25:21.327000,STRKUSDT,SELL,0.1418,2987.2,423.58496
2025-11-12T02:25:24.098000,TRUTHUSDT,SELL,0.0265007,5525.0,146.41636749999998
2025-11-12T02:25:24.253000,STRKUSDT,SELL,0.1416,977.5,138.41400000000002
2025-11-12T02:25:25.305000,STRKUSDT,SELL,0.1416,493.0,69.8088
2025-11-12T02:25:27.196000,STRKUSDT,SELL,0.1415,395.9,56.01984999999999
2025-11-12T02:25:32.245000,CCUSDT,SELL,0.1285,128.0,16.448
2025-11-12T02:25:34.094000,ASTERUSDT,SELL,1.1094,794.0,880.8635999999999
2025-11-12T02:25:36.069000,PUNDIXUSDT,SELL,0.3136,379.0,118.8544
2025-11-12T02:25:36.614000,GIGGLEUSDT,SELL,153.39,0.04,6.135599999999999
2025-11-12T02:25:44.302000,EVAAUSDT,SELL,1.715,5.3,9.0895
2025-11-12T02:25:48.070000,BIOUSDT,SELL,0.07454,5001.0,372.77454
2025-11-12T02:25:50.457000,EVAAUSDT,SELL,1.719092,984.7,1692.7898924
2025-11-12T02:25:50.649000,ENAUSDT,SELL,0.3107,752.0,233.64639999999997
2025-11-12T02:25:50.649000,SOLUSDT,SELL,154.53,2.3,355.419
2025-11-12T02:25:53.598000,XLMUSDT,SELL,0.28198,61.0,17.20078
2025-11-12T02:25:55.125000,BOMEUSDC,SELL,0.000894,19389.0,17.333766
2025-11-12T02:25:55.213000,EGLDUSDT,SELL,9.481,1.7,16.1177
2025-11-12T02:25:55.477000,AIAUSDT,BUY,1.9335125,24.0,46.4043
2025-11-12T02:25:57.372000,WLFIUSDT,SELL,0.1508,1915.0,288.782
2025-11-12T02:25:58.359000,STRKUSDT,SELL,0.1414,1023.1,144.66634
2025-11-12T02:26:02.100000,TOWNSUSDT,SELL,0.01029,18493.0,190.29297
2025-11-12T02:26:02.415000,EVAAUSDT,SELL,1.716,230.2,395.0232
2025-11-12T02:26:03.150000,SOLUSDT,SELL,154.42,6.62,1022.2603999999999
2025-11-12T02:26:05.231000,SOLUSDT,SELL,154.42,0.97,149.7874
2025-11-12T02:26:06.476000,SOLUSDT,SELL,154.41,18.86,2912.1726
2025-11-12T02:26:07.688000,ORDIUSDC,SELL,4.921891,11.1,54.632990099999994
2025-11-12T02:26:16.369000,ZEREBROUSDT,SELL,0.0333775,12385.0,413.3803375
2025-11-12T02:26:21.331000,BNBUSDT,SELL,962.11,0.28,269.3908
2025-11-12T02:26:21.331000,ALLOUSDT,BUY,0.4529442,689.0,312.0785538
2025-11-12T02:26:22.605000,ALLOUSDT,BUY,0.4531,33.0,14.9523
2025-11-12T02:26:27.064000,SOLUSDC,SELL,154.39,0.71,109.61689999999999
2025-11-12T02:26:27.632000,ENAUSDT,SELL,0.3105,1594.0,494.937
